{"Fid":"dcvpa6YnSwSEDsgBnvbJQQ","Status":3,"AuthToken":"eyJhbGciOiJFUzI1NiIsInR5cCI6IkpXVCJ9.eyJhcHBJZCI6IjE6NDE0MzcwMzI4MTI0OmFuZHJvaWQ6ZjEzOTQxMzFjOGI4NGRlMyIsImV4cCI6MTc2MDE0NjQzNiwiZmlkIjoiZGN2cGE2WW5Td1NFRHNnQm52YkpRUSIsInByb2plY3ROdW1iZXIiOjQxNDM3MDMyODEyNH0.AB2LPV8wRAIgK5nBhZrE01g1UyZkVnZLi289nXNomIEGDwyolOykE3YCIHFxMjTpCzIXNA4ls718v-gKGcNVN9HT0CdU4O40sAEV","RefreshToken":"3_AS3qfwLFu62TKza6BxgxCWsKvOSboxG4P628D-3KCOOPs4aecEAVT9_nXaVSBfEl_U8nE535oLpI_2qLk0uTnOVI7dvmlwzCgunoOXtqE3fpW-Y","TokenCreationEpochInSecs":1759541635,"ExpiresInSecs":604800}