<?xml version='1.0' encoding='utf-8' standalone='yes' ?>
<map>
    <string name="com.applovin.sdk.applovin_random_token">01cd193f-9474-4890-ba49-cd45e30c81fd</string>
    <string name="com.applovin.sdk.compass_random_token">9060f974-6998-43cb-99ae-85487235abf6</string>
    <string name="com.applovin.sdk.user_agent">Mozilla/5.0 (Linux; Android 14; TECNO LH7n Build/UP1A.231005.007; wv) AppleWebKit/537.36 (KHTML, like Gecko) Version/4.0 Chrome/140.0.7339.155 Mobile Safari/537.36</string>
    <string name="com.applovin.sdk.last_os_version_user_agent_collected_for">14</string>
    <boolean name="com.applovin.sdk.compliance.is_age_restricted_user" value="false" />
    <boolean name="com.applovin.sdk.compliance.has_user_consent" value="true" />
</map>
