<?xml version='1.0' encoding='utf-8' standalone='yes' ?>
<map>
    <set name="fire-cls/18.6.2 fire-sessions/1.2.2 fire-core-ktx/20.4.2 fire-abt/21.1.1 fire-auth-ktx/22.3.1 fire-analytics/21.5.1 fire-core/20.4.2 fire-cls-ndk/18.6.2 device-model/TECNO-LH7n fire-app-check-play-integrity/17.1.2 android-installer/com.google.android.packageinstaller fire-gcs/20.3.0 android-platform/ kotlin/1.9.22 fire-transport/18.1.8 device-name/LH7n-GL android-target-sdk/34 fire-fst-ktx/24.10.2 fire-fun-ktx/20.4.0 android-min-sdk/24 device-brand/TECNO fire-android/34 fire-perf/20.5.2 fire-iid/21.1.0 fire-perf-ktx/20.5.2 fire-auth/22.3.1 fire-installations/17.2.0 fire-stg-ktx/20.3.0 fire-rc/21.6.1 fire-app-check/17.1.2 fire-fst/24.10.2 fire-fn/20.4.0">
        <string>2025-09-26</string>
    </set>
    <set name="fire-cls/18.6.2 fire-sessions/1.2.2 fire-core-ktx/20.4.2 fire-analytics/21.5.1 fire-auth-ktx/22.3.1 fire-abt/21.1.1 fire-core/20.4.2 fire-cls-ndk/18.6.2 fire-app-check-play-integrity/17.1.2 device-model/TECNO-LH7n android-installer/com.google.android.packageinstaller fire-gcs/20.3.0 android-platform/ kotlin/1.9.22 fire-transport/18.1.8 device-name/LH7n-GL android-target-sdk/34 fire-fst-ktx/24.10.2 fire-fun-ktx/20.4.0 android-min-sdk/24 device-brand/TECNO fire-android/34 fire-perf/20.5.2 fire-iid/21.1.0 fire-perf-ktx/20.5.2 fire-auth/22.3.1 fire-installations/17.2.0 fire-stg-ktx/20.3.0 fire-rc/21.6.1 fire-app-check/17.1.2 fire-fst/24.10.2 fire-fn/20.4.0">
        <string>2025-09-05</string>
    </set>
    <set name="fire-cls/18.6.2 fire-sessions/1.2.2 fire-core-ktx/20.4.2 fire-analytics/21.5.1 fire-auth-ktx/22.3.1 fire-abt/21.1.1 fire-core/20.4.2 fire-cls-ndk/18.6.2 fire-app-check-play-integrity/17.1.2 device-model/TECNO-LH7n android-installer/com.google.android.packageinstaller fire-gcs/20.3.0 android-platform/ kotlin/1.9.22 fire-transport/18.1.8 device-name/LH7n-GL android-target-sdk/34 fire-fst-ktx/24.10.2 fire-fun-ktx/20.4.0 android-min-sdk/24 device-brand/TECNO fire-android/34 fire-perf/20.5.2 fire-iid/21.1.0 fire-perf-ktx/20.5.2 fire-installations/17.2.0 fire-auth/22.3.1 fire-stg-ktx/20.3.0 fire-rc/21.6.1 fire-fst/24.10.2 fire-app-check/17.1.2 fire-fn/20.4.0">
        <string>2025-09-12</string>
    </set>
    <long name="fire-count" value="9" />
    <string name="last-used-date">2025-10-04</string>
    <set name="fire-cls/18.6.2 fire-sessions/1.2.2 fire-core-ktx/20.4.2 fire-abt/21.1.1 fire-auth-ktx/22.3.1 fire-analytics/21.5.1 fire-core/20.4.2 fire-cls-ndk/18.6.2 fire-app-check-play-integrity/17.1.2 device-model/TECNO-LH7n android-installer/com.google.android.packageinstaller fire-gcs/20.3.0 android-platform/ kotlin/1.9.22 device-name/LH7n-GL fire-transport/18.1.8 android-target-sdk/34 fire-fst-ktx/24.10.2 fire-fun-ktx/20.4.0 android-min-sdk/24 device-brand/TECNO fire-android/34 fire-iid/21.1.0 fire-perf/20.5.2 fire-perf-ktx/20.5.2 fire-installations/17.2.0 fire-auth/22.3.1 fire-stg-ktx/20.3.0 fire-rc/21.6.1 fire-app-check/17.1.2 fire-fst/24.10.2 fire-fn/20.4.0">
        <string>2025-08-30</string>
    </set>
    <set name="fire-cls/18.6.2 fire-sessions/1.2.2 fire-core-ktx/20.4.2 fire-analytics/21.5.1 fire-abt/21.1.1 fire-auth-ktx/22.3.1 fire-core/20.4.2 fire-cls-ndk/18.6.2 device-model/TECNO-LH7n fire-app-check-play-integrity/17.1.2 android-installer/com.google.android.packageinstaller android-platform/ fire-gcs/20.3.0 kotlin/1.9.22 fire-transport/18.1.8 device-name/LH7n-GL android-target-sdk/34 fire-fst-ktx/24.10.2 fire-fun-ktx/20.4.0 android-min-sdk/24 device-brand/TECNO fire-android/34 fire-iid/21.1.0 fire-perf/20.5.2 fire-perf-ktx/20.5.2 fire-installations/17.2.0 fire-auth/22.3.1 fire-stg-ktx/20.3.0 fire-rc/21.6.1 fire-app-check/17.1.2 fire-fst/24.10.2 fire-fn/20.4.0">
        <string>2025-09-27</string>
    </set>
    <set name="fire-cls/18.6.2 fire-sessions/1.2.2 fire-core-ktx/20.4.2 fire-abt/21.1.1 fire-analytics/21.5.1 fire-auth-ktx/22.3.1 fire-core/20.4.2 fire-cls-ndk/18.6.2 device-model/TECNO-LH7n fire-app-check-play-integrity/17.1.2 android-installer/com.google.android.packageinstaller android-platform/ fire-gcs/20.3.0 kotlin/1.9.22 device-name/LH7n-GL fire-transport/18.1.8 android-target-sdk/34 fire-fst-ktx/24.10.2 fire-fun-ktx/20.4.0 android-min-sdk/24 device-brand/TECNO fire-android/34 fire-iid/21.1.0 fire-perf/20.5.2 fire-perf-ktx/20.5.2 fire-installations/17.2.0 fire-auth/22.3.1 fire-stg-ktx/20.3.0 fire-rc/21.6.1 fire-fst/24.10.2 fire-app-check/17.1.2 fire-fn/20.4.0">
        <string>2025-08-31</string>
    </set>
    <set name="fire-cls/18.6.2 fire-sessions/1.2.2 fire-core-ktx/20.4.2 fire-abt/21.1.1 fire-analytics/21.5.1 fire-auth-ktx/22.3.1 fire-core/20.4.2 fire-cls-ndk/18.6.2 device-model/TECNO-LH7n fire-app-check-play-integrity/17.1.2 android-installer/com.google.android.packageinstaller android-platform/ fire-gcs/20.3.0 kotlin/1.9.22 fire-transport/18.1.8 device-name/LH7n-GL android-target-sdk/34 fire-fst-ktx/24.10.2 fire-fun-ktx/20.4.0 android-min-sdk/24 device-brand/TECNO fire-android/34 fire-iid/21.1.0 fire-perf/20.5.2 fire-perf-ktx/20.5.2 fire-installations/17.2.0 fire-auth/22.3.1 fire-stg-ktx/20.3.0 fire-rc/21.6.1 fire-app-check/17.1.2 fire-fst/24.10.2 fire-fn/20.4.0">
        <string>2025-09-28</string>
    </set>
    <set name="fire-cls/18.6.2 fire-sessions/1.2.2 fire-core-ktx/20.4.2 fire-analytics/21.5.1 fire-auth-ktx/22.3.1 fire-abt/21.1.1 fire-core/20.4.2 fire-cls-ndk/18.6.2 device-model/TECNO-LH7n fire-app-check-play-integrity/17.1.2 android-installer/com.google.android.packageinstaller android-platform/ fire-gcs/20.3.0 kotlin/1.9.22 device-name/LH7n-GL fire-transport/18.1.8 android-target-sdk/34 fire-fst-ktx/24.10.2 fire-fun-ktx/20.4.0 android-min-sdk/24 device-brand/TECNO fire-android/34 fire-perf/20.5.2 fire-iid/21.1.0 fire-perf-ktx/20.5.2 fire-installations/17.2.0 fire-auth/22.3.1 fire-stg-ktx/20.3.0 fire-rc/21.6.1 fire-fst/24.10.2 fire-app-check/17.1.2 fire-fn/20.4.0">
        <string>2025-09-17</string>
    </set>
    <set name="fire-cls/18.6.2 fire-sessions/1.2.2 fire-core-ktx/20.4.2 fire-auth-ktx/22.3.1 fire-abt/21.1.1 fire-analytics/21.5.1 fire-core/20.4.2 fire-cls-ndk/18.6.2 device-model/TECNO-LH7n fire-app-check-play-integrity/17.1.2 android-installer/com.google.android.packageinstaller android-platform/ fire-gcs/20.3.0 kotlin/1.9.22 fire-transport/18.1.8 device-name/LH7n-GL android-target-sdk/34 fire-fst-ktx/24.10.2 fire-fun-ktx/20.4.0 android-min-sdk/24 device-brand/TECNO fire-android/34 fire-iid/21.1.0 fire-perf/20.5.2 fire-perf-ktx/20.5.2 fire-installations/17.2.0 fire-auth/22.3.1 fire-stg-ktx/20.3.0 fire-rc/21.6.1 fire-app-check/17.1.2 fire-fst/24.10.2 fire-fn/20.4.0">
        <string>2025-10-04</string>
    </set>
</map>
